x,y,sin,cos
0.0,0.0,0.0,1.0
0.1001001001001001,0.1001001001001001,0.09993301616303926,0.994994166958057
0.2002002002002002,0.2002002002002002,0.19886553633749857,0.9800267845611155
0.3003003003003003,0.3003003003003003,0.2958070811665539,0.9552477012438836
0.4004004004004004,0.4004004004004004,0.38978710427372076,0.9209049969143981
0.5005005005005005,0.5005005005005005,0.4798647090490943,0.8773424992608235
0.6006006006006006,0.6006006006006006,0.5651380685920271,0.8249963414634476
0.7007007007007008,0.7007007007007008,0.6447534545009243,0.7643905957749119
0.8008008008008008,0.8008008008008008,0.717913784116926,0.696132026683815
0.9009009009009009,0.9009009009009009,0.78388660064933,0.620904016191261
1.001001001001001,1.001001001001001,0.8420114062884005,0.5394597220184562
1.1011011011011012,1.1011011011011012,0.8917062748888882,0.4526145372430967
1.2012012012012012,1.2012012012012012,0.9324736780202824,0.3612379268561467
1.3013013013013013,1.3013013013013013,0.9639054660553243,0.2662447229686777
1.4014014014014016,1.4014014014014016,0.985686954427788,0.16858596581824933
1.5015015015015016,1.5015015015015016,0.9976000741492778,0.06923938227161942
1.6016016016016017,1.6016016016016017,0.9995255550431251,-0.030800402850168468
1.7017017017017018,1.7017017017017018,0.9914441198375697,-0.1305318246233713
1.8018018018018018,1.8018018018018018,0.9734366771633683,-0.22895640535512457
1.9019019019019021,1.9019019019019021,0.9456835115235996,-0.32508875100869566
2.002002002002002,2.002002002002002,0.9084624783454199,-0.41796641663953993
2.1021021021021022,2.1021021021021022,0.8621462221843063,-0.5066595420727107
2.2022022022022023,2.2022022022022023,0.8071984459311994,-0.5902801613524349
2.3023023023023024,2.3023023023023024,0.7441692683739977,-0.6679910927607561
2.4024024024024024,2.4024024024024024,0.6736897165919457,-0.7390143204013464
2.5025025025025025,2.5025025025025025,0.5964654083232273,-0.8026387834348685
2.6026026026026026,2.6026026026026026,0.513269487555788,-0.8582274949826642
2.702702702702703,2.702702702702703,0.4249348840678924,-0.9052239194266836
2.802802802802803,2.802802802802803,0.33234597441331465,-0.9431575442582562
2.902902902902903,2.902902902902903,0.23642972783858707,-0.9716485906922171
3.0030030030030033,3.0030030030030033,0.13814642577643546,-0.9904118158852891
3.1031031031031033,3.1031031031031033,0.03848004782872783,-0.9992593686921823
3.2032032032032034,3.2032032032032034,-0.06157157950873298,-0.9981026703685346
3.3033033033033035,3.3033033033033035,-0.16100677275189493,-0.9869533013917222
3.4034034034034035,3.4034034034034035,-0.2588300199490208,-0.9659228855209869
3.5035035035035036,3.5035035035035036,-0.35406194741393143,-0.9352219722576317
3.6036036036036037,3.6036036036036037,-0.4457491248883234,-0.8951579288937198
3.7037037037037037,3.7037037037037037,-0.532973610967149,-0.8461318632533809
3.8038038038038042,3.8038038038038042,-0.6148621432214489,-0.7886346079352126
3.9039039039039043,3.9039039039039043,-0.6905948810101928,-0.7232418062602006
4.004004004004004,4.004004004004004,-0.7594136134510215,-0.650608149123005
4.104104104104104,4.104104104104104,-0.8206293503744214,-0.5714608204453347
4.2042042042042045,4.2042042042042045,-0.8736292202632362,-0.4865922168533422
4.3043043043043046,4.3043043043043046,-0.9178826061176496,-0.3968520144671961
4.404404404404405,4.404404404404405,-0.9529464578154061,-0.3031386622274869
4.504504504504505,4.504504504504505,-0.9784697277816927,-0.20639038692444023
4.604604604604605,4.604604604604605,-0.9941968855602381,-0.10757579998458197
4.704704704704705,4.704704704704705,-0.9999704760989149,-0.007684200056571172
4.804804804804805,4.804804804804805,-0.9957326961371449,0.09228433151652779
4.904904904904905,4.904904904904905,-0.981525972912842,0.19132894317770865
5.005005005005005,5.005005005005005,-0.9574925393950745,0.28845803334761144
5.105105105105105,5.105105105105105,-0.9238730102950713,0.3826991780084235
5.205205205205205,5.205205205205205,-0.8810039731120792,0.47310886628843757
5.305305305305305,5.305305305305305,-0.8293146183317122,0.5587819465778459
5.405405405405406,5.405405405405406,-0.769322442514122,0.6388606886044136
5.505505505505506,5.505505505505506,-0.7016280672912412,0.7125433707425517
5.605605605605606,5.605605605605606,-0.6269092261435582,0.7790923065825288
5.705705705705706,5.705705705705706,-0.5459139791588185,0.837841230400477
5.805805805805806,5.805805805805806,-0.45945322370421515,0.8882019675883432
5.9059059059059065,5.9059059059059065,-0.3683925759927202,0.9296703232616645
6.0060060060060065,6.0060060060060065,-0.27364370482260353,0.9618311300903917
6.106106106106107,6.106106106106107,-0.17615520425384543,0.9843624048155669
6.206206206206207,6.206206206206207,-0.07690309660115911,0.9970385718381977
6.306306306306307,6.306306306306307,0.023118939175514847,0.9997327216068297
6.406406406406407,6.406406406406407,0.12290951585294987,0.9924178811935995
6.506506506506507,6.506506506506507,0.22146956349913308,0.9751672843381813
6.606606606606607,6.606606606606607,0.31781233182781893,0.9481536382560394
6.706706706706707,6.706706706706707,0.4109732692129035,0.9116473945514562
6.806806806806807,6.806806806806807,0.5000196794572255,0.8660140415463791
6.906906906906907,6.906906906906907,0.5840600596354499,0.811710445133383
7.007007007007007,7.007007007007007,0.6622530255236697,0.749280274786909
7.107107107107107,7.107107107107107,0.7338157352573031,0.6793485605260259
7.207207207207207,7.207207207207207,0.7980317268824393,0.6026154353225878
7.307307307307307,7.307307307307307,0.8542580913336814,0.5198491256037041
7.407407407407407,7.407407407407407,0.9019319090250327,0.43187826002527613
7.507507507507508,7.507507507507508,0.940575885612824,0.3395835735185845
7.6076076076076085,7.6076076076076085,0.9698031305073038,0.24388908966625278
7.7077077077077085,7.7077077077077085,0.9893210302920371,0.14575286968667964
7.807807807807809,7.807807807807809,0.9989341782717204,0.04615742064503529
7.907907907907909,7.907907907907909,0.9985463308187661,-0.053900141079400624
8.008008008008009,8.008008008008009,0.9881613709323648,-0.15341807258947524
8.108108108108109,8.108108108108109,0.9678832693631935,-0.25140003358555063
8.208208208208209,8.208208208208209,0.9379150436929778,-0.3468650613918897
8.308308308308309,8.308308308308309,0.8985567257902548,-0.4388573920274066
8.408408408408409,8.408408408408409,0.8502023579914898,-0.5264560289954999
8.508508508508509,8.508508508508509,0.7933360480807813,-0.6087839639934418
8.608608608608609,8.608608608608609,0.7285271225643783,-0.6850169572266568
8.70870870870871,8.70870870870871,0.6564244267638064,-0.7543917894223188
8.80880880880881,8.80880880880881,0.577749828793169,-0.8162139029258592
8.90890890890891,8.90890890890891,0.49329099245663205,-0.8698643553802805
9.00900900900901,9.00900900900901,0.4038934914214305,-0.9148060163703597
9.10910910910911,9.10910910910911,0.3104523436166627,-0.9505889449930088
9.20920920920921,9.20920920920921,0.21390305061264503,-0.9768548945153545
9.30930930930931,9.30930930930931,0.11521223169156894,-0.9933408990214025
9.40940940940941,9.40940940940941,0.015367946378017567,-0.9998819061389812
9.50950950950951,9.50950950950951,-0.08463019768306558,-0.9964124294889768
9.60960960960961,9.60960960960961,-0.18378105246433263,-0.9829672043130951
9.70970970970971,9.70970970970971,-0.28109195271578163,-0.9596808397162199
9.80980980980981,9.80980980980981,-0.3755886541977727,-0.9267864710050022
9.90990990990991,9.90990990990991,-0.46632508748903956,-0.8846134256150194
10.01001001001001,10.01001001001001,-0.5523928297178272,-0.8335839259944565
10.11011011011011,10.11011011011011,-0.6329301993883469,-0.7742088624539423
10.21021021021021,10.21021021021021,-0.7071308832481832,-0.7070826783033539
10.31031031031031,10.31031031031031,-0.7742520088273352,-0.6328774184838926
10.41041041041041,10.41041041041041,-0.8336215818293299,-0.5523360012785385
10.51051051051051,10.51051051051051,-0.8846452139137285,-0.46626478046227504
10.61061061061061,10.61061061061061,-0.9268120735137149,-0.37552547235734673
10.710710710710712,10.710710710710712,-0.9597000001111683,-0.2810265286171814
10.810810810810812,10.810810810810812,-0.9829797307668027,-0.18371404111178885
10.910910910910912,10.910910910910912,-0.9964181965907717,-0.08456226997186375
11.011011011011012,11.011011011011012,-0.9998808561505658,0.015436110378315073
11.111111111111112,11.111111111111112,-0.9933330424549104,0.1152799495457522
11.211211211211213,11.211211211211213,-0.9768403100281058,0.21396964435217003
11.311311311311313,11.311311311311313,-0.9505677786000201,0.3105171465272461
11.411411411411413,11.411411411411413,-0.9147784799824896,0.4039558547179702
11.511511511511513,11.511511511511513,-0.8698307246826497,0.4933502917786272
11.611611611611613,11.611611611611613,-0.8161745146177822,0.5778054704556089
11.711711711711713,11.711711711711713,-0.7543470378463839,0.6564758537009463
11.811811811811813,11.811811811811813,-0.684967290420699,0.7285738199068957
11.911911911911913,11.911911911911913,-0.6087298792049378,0.793377548310476
12.012012012012013,12.012012012012013,-0.5263980677032926,0.8502382456219196
12.112112112112113,12.112112112112113,-0.438796134520599,0.8985866415264475
12.212212212212213,12.212212212212213,-0.34680112096018534,0.9379386880285719
12.312312312312313,12.312312312312313,-0.25133405037920087,0.9679004055789961
12.412412412412413,12.412412412412413,-0.15335070721030927,0.9881718274663056
12.512512512512513,12.512512512512513,-0.05383206796710025,0.9985500029835188
12.612612612612613,12.612612612612613,0.046225519965200426,0.9989310293027976
12.712712712712714,12.712712712712714,0.1458203134270555,0.9893110917158643
12.812812812812814,12.812812812812814,0.24395520260263132,0.9697865018255869
12.912912912912914,12.912912912912914,0.3396476937503228,0.9405527333063718
13.013013013013014,13.013013013013014,0.43193974560202403,0.9019024648870069
13.113113113113114,13.113113113113114,0.5199073609523991,0.8542226501489596
13.213213213213214,13.213213213213214,0.6026698374103644,0.7979906434763286
13.313313313313314,13.313313313313314,0.6793985846973472,0.7337694209431472
13.413413413413414,13.413413413413414,0.7493254202164753,0.6622019439849167
13.513513513513514,13.513513513513514,0.8117502598402285,0.5840047222834089
13.613613613613614,13.613613613613614,0.8660481269189535,0.499960640310987
13.713713713713714,13.713713713713714,0.9116754093383911,0.41091111935268565
13.813813813813814,13.813813813813814,0.9481753019826424,0.31774769347726933
13.913913913913914,13.913913913913914,0.9751823801144559,0.22140308379583365
14.014014014014014,14.014014014014014,0.9924262578856741,0.1228418603694914
14.114114114114114,14.114114114114114,0.9997342953500602,0.023050785256006474
14.214214214214214,14.214214214214214,0.9970333268767925,-0.07697106662243297
14.314314314314315,14.314314314314315,0.9843503936603283,-0.17622230988372806
14.414414414414415,14.414414414414415,0.9618124729929951,-0.2737092742219362
14.514514514514515,14.514514514514515,0.9296452070107394,-0.3684559527025715
14.614614614614615,14.614614614614615,0.8881706436394069,-0.4595137732181285
14.714714714714715,14.714714714714715,0.8378040123584466,-0.5459710952752791
14.814814814814815,14.814814814814815,0.7790495670620136,-0.62696233703508
14.914914914914915,14.914914914914915,0.7124955376373596,-0.7016766412293128
15.015015015015017,15.015015015015017,0.6388082408036202,-0.7693659931926963
15.115115115115117,15.115115115115117,0.5587254091713215,-0.8293527097359358
15.215215215215217,15.215215215215217,0.47304880530981697,-0.881036223883533
15.315315315315317,15.315315315315317,0.38263619476816924,-0.9238990975498005
15.415415415415417,15.415415415415417,0.28839275841289386,-0.9575122019561956
15.515515515515517,15.515515515515517,0.19126203005937772,-0.9815390139253588
15.615615615615617,15.615615615615617,0.09221645012638092,-0.9957389850387945
15.715715715715717,15.715715715715717,-0.007752370112722516,-0.9999699499273143
15.815815815815817,15.815815815815817,-0.10764357621089869,-0.9941895495832415
15.915915915915917,15.915915915915917,-0.206457090767976,-0.9784556554446521
16.016016016016017,16.016016016016017,-0.3032036258716338,-0.952925790005861
16.116116116116117,16.116116116116117,-0.39691458751764125,-0.917855549754808
16.216216216216218,16.216216216216218,-0.4866517728495987,-0.873596046226368
16.316316316316318,16.316316316316318,-0.5715167631326549,-0.8205903907909067
16.416416416416418,16.416416416416418,-0.6506599184218834,-0.7593692583712012
16.516516516516518,16.516516516516518,-0.7232888838737035,-0.690545574502315
16.616616616616618,16.616616616616618,-0.7886765225379935,-0.6148083789258063
16.716716716716718,16.716716716716718,-0.8461681952104326,-0.5329159271539172
16.816816816816818,16.816816816816818,-0.8951883144616204,-0.4456880990685786
16.916916916916918,16.916916916916918,-0.9352461072262216,-0.35399819055780335
17.017017017017018,17.017017017017018,-0.9659405282590195,-0.25876417036886357
17.117117117117118,17.117117117117118,-0.9869642752659957,-0.16093948971171687
17.217217217217218,17.217217217217218,-0.9981068655122841,-0.061503536623865485
17.31731731731732,17.31731731731732,-0.9992567431050293,0.03854816933564211
17.41741741741742,17.41741741741742,-0.9904023958537356,0.13821394389561617
17.51751751751752,17.51751751751752,-0.9716324705264734,0.23649596660117034
17.61761761761762,17.61761761761762,-0.9431348853480389,0.33241027065892775
17.71771771771772,17.71771771771772,-0.9051949486254356,0.42499659408399376
17.81781781781782,17.81781781781782,-0.8581925023363741,0.513327993522302
17.91791791791792,17.91791791791792,-0.8025981192782262,0.5965201244979537
18.01801801801802,18.01801801801802,-0.7389683918503098,0.6737400951748137
18.11811811811812,18.11811811811812,-0.6679403596366418,0.7442148049914579
18.21821821821822,18.21821821821822,-0.5902251315783409,0.8072386846858431
18.31831831831832,18.31831831831832,-0.5066007665883601,0.8621807602191585
18.41841841841842,18.41841841841842,-0.41790448388545576,0.9084909698772085
18.51851851851852,18.51851851851852,-0.32502428103493153,0.945705671304622
18.61861861861862,18.61861861861862,-0.22889004361353044,0.9734522833372965
18.71871871871872,18.71871871871872,-0.13046423550554456,0.9914530161606014
18.81881881881882,18.81881881881882,-0.030732263035787716,0.9995276524482447
18.91891891891892,18.91891891891892,0.0693073905894856,0.9975953516379658
19.01901901901902,19.01901901901902,0.16865316176303152,0.9856754592802505
19.11911911911912,19.11911911911912,0.26631043379701436,0.9638873133571403
19.21921921921922,19.21921921921922,0.36130149469316664,0.9324490495102045
19.31931931931932,19.31931931931932,0.452675325668842,0.8916754171393354
19.41941941941942,19.41941941941942,0.5395171224395066,0.8419746282368575
19.51951951951952,19.51951951951952,0.6209574539337677,0.7838442705053682
19.61961961961962,19.61961961961962,0.6961809667469437,0.7178663256758119
19.71971971971972,19.71971971971972,0.7644345481870926,0.644701342900723
19.81981981981982,19.81981981981982,0.8250348661878059,0.5650818255566792
19.91991991991992,19.91991991991992,0.8773752106006832,0.4798048976650892
20.02002002002002,20.02002002002002,0.9209315673747474,0.3897243233526632
20.12012012012012,20.12012012012012,0.9552678648101457,0.2957419592500619
20.22022022022022,20.22022022022022,0.980040339362398,0.1987987254044547
20.32032032032032,20.32032032032032,0.9950009772882156,0.09986518510219598
20.42042042042042,20.42042042042042,0.9999999976762833,-6.817208671141684e-05
20.52052052052052,20.52052052052052,0.9949873520037292,-0.10000084675945041
20.62062062062062,20.62062062062062,0.9800132252052237,-0.19893234634632792
20.72072072072072,20.72072072072072,0.9552275332381714,-0.29587220170830203
20.82082082082082,20.82082082082082,0.9208784221742042,-0.3898498833832685
20.92092092092092,20.92092092092092,0.8773097838435732,-0.47992451820295967
21.02102102102102,21.02102102102102,0.8249578129049739,-0.5651943090009329
21.12112112112112,21.12112112112112,0.7643466398102772,-0.6448055631046762
21.22122122122122,21.22122122122122,0.6960830833854595,-0.7179612392215832
21.32132132132132,21.32132132132132,0.6208505755631448,-0.7839289271502308
21.421421421421424,21.421421421421424,0.5394023190903006,-0.842048180426753
21.521521521521525,21.521521521521525,0.4525537467138531,-0.8917371284942966
21.621621621621625,21.621621621621625,0.36117435734029507,-0.9324983021967519
21.721721721721725,21.721721721721725,0.26617901090298385,-0.9639236142738227
21.821821821821825,21.821821821821825,0.1685187690899729,-0.9856984449944113
21.921921921921925,21.921921921921925,0.06917137363196561,-0.9976047920243101
22.022022022022025,22.022022022022025,-0.03086854252140862,-0.9995234529927769
22.122122122122125,22.122122122122125,-0.13059941313456228,-0.9914352189068674
22.222222222222225,22.222222222222225,-0.2290227660326612,-0.9734210664654577
22.322322322322325,22.322322322322325,-0.32515321947163317,-0.9456613473475756
22.422422422422425,22.422422422422425,-0.41802834745115464,-0.9084339825916118
22.522522522522525,22.522522522522525,-0.5067183152023964,-0.8621116801426859
22.622622622622625,22.622622622622625,-0.5903351883832425,-0.8071582034251535
22.722722722722725,22.722722722722725,-0.6680418227804276,-0.7441237282980592
22.822822822822825,22.822822822822825,-0.7390602455178644,-0.6736393348781483
22.922922922922925,22.922922922922925,-0.8026794438613015,-0.5964106893764662
23.023023023023026,23.023023023023026,-0.8582624836403999,-0.5132109792038867
23.123123123123126,23.123123123123126,-0.9052528860209639,-0.4248731720769337
23.223223223223226,23.223223223223226,-0.9431801987852119,-0.332281676623145
23.323323323323326,23.323323323323326,-0.971664706342289,-0.2363634879772115
23.423423423423426,23.423423423423426,-0.9904212313139699,-0.13807890701522757
23.523523523523526,23.523523523523526,-0.999261989635344,-0.038411926142979204
23.623623623623626,23.623623623623626,-0.9980984705861694,0.06163962210745155
23.723723723723726,23.723723723723726,-0.9869423229306488,0.1610740550438056
23.823823823823826,23.823823823823826,-0.9659052382938916,0.25889586832628353
23.923923923923926,23.923923923923926,-0.9351978329426597,0.35412570262458104
24.024024024024026,24.024024024024026,-0.8951275391656319,0.44581014863647966
24.124124124124126,24.124124124124126,-0.8460955273639872,0.5330312923034223
24.224224224224226,24.224224224224226,-0.7885926896673048,0.6149159046595607
24.324324324324326,24.324324324324326,-0.7231947252854797,0.6906441843085769
24.424424424424426,24.424424424424426,-0.6505563768004686,0.7594579650015177
24.524524524524526,24.524524524524526,-0.5714048751021886,0.8206683061441159
24.624624624624627,24.624624624624627,-0.4865326585956808,0.8736623902399706
24.724724724724727,24.724724724724727,-0.3967894395724077,0.9179096582146931
24.824824824824827,24.824824824824827,-0.3030736971745233,0.952967121196196
24.924924924924927,24.924924924924927,-0.20632368212171887,0.9784837955713604
25.025025025025027,25.025025025025027,-0.10750802325831389,0.994204216916771
25.125125125125127,25.125125125125127,-0.00761602996470802,0.9999709976232194
25.225225225225227,25.225225225225227,0.09235221247778938,0.9957264026078937
25.325325325325327,25.325325325325327,0.19139585540685106,0.9815129273387487
25.425425425425427,25.425425425425427,0.2885233069417396,0.9574728723840706
25.525525525525527,25.525525525525527,0.3827621594701089,0.9238469187467039
25.625625625625627,25.625625625625627,0.47316892506831626,0.8809717182462182
25.725725725725727,25.725725725725727,0.5588384813874684,0.829276523073304
25.825825825825827,25.825825825825827,0.6389131334361432,0.7692788882601739
25.925925925925927,25.925925925925927,0.7125912005362459,0.7015794900923997
26.026026026026027,26.026026026026027,0.7791350424822644,0.6268561123385176
26.126126126126128,26.126126126126128,0.837878444548696,0.5458568605052591
26.226226226226228,26.226226226226228,0.8882332874094202,0.45939267205502354
26.326326326326328,26.326326326326328,0.9296954351920088,0.36832919757078897
26.426426426426428,26.426426426426428,0.961849782717742,0.27357813415152993
26.526526526526528,26.526526526526528,0.9843744113960468,0.17608809780529322
26.626626626626628,26.626626626626628,0.9970438121659324,0.07683512622248323
26.726726726726728,26.726726726726728,0.9997311432174079,-0.023187092987579493
26.826826826826828,26.826826826826828,0.992409499889329,-0.12297717076519456
26.926926926926928,26.926926926926928,0.9751521840298819,-0.22153604217316747
27.027027027027028,27.027027027027028,0.9481319701229552,-0.3178769687013569
27.127127127127128,27.127127127127128,0.9116193755277007,-0.41103541716315045
27.227227227227228,27.227227227227228,0.8659799521490619,-0.5000787162796557
27.32732732732733,27.32732732732733,0.8116706266541671,-0.5841153942731108
27.42742742742743,27.42742742742743,0.7492351258751123,-0.6623041039846459
27.52752752752753,27.52752752752753,0.6792985331974775,-0.7338620461610994
27.62762762762763,27.62762762762763,0.602561030434196,-0.7980728065797505
27.72772772772773,27.72772772772773,0.5197908878390449,-0.8542935285482955
27.82782782782783,27.82782782782783,0.43181677244140276,-0.9019613489713901
27.92792792792793,27.92792792792793,0.3395194517086558,-0.9405990335480118
28.02802802802803,28.02802802802803,0.2438229755964177,-0.9698197546819247
28.12812812812813,28.12812812812813,0.14568542526892875,-0.989330964270406
28.22822822822823,28.22822822822823,0.04608932111035838,-0.9989373225981629
28.32832832832833,28.32832832832833,-0.05396821394120191,-0.9985426540133359
28.42842842842843,28.42842842842843,-0.15348543725563918,-0.98815090980601
28.52852852852853,28.52852852852853,-0.2514660156235337,-0.9678661286492181
28.62862862862863,28.62862862862863,-0.34692900021156015,-0.9378913949984866
28.72872872872873,28.72872872872873,-0.43891864749465204,-0.8985268058780803
28.82882882882883,28.82882882882883,-0.5265139878410365,-0.8501664664098019
28.92892892892893,28.92892892892893,-0.6088380459526613,-0.7932945441641113
29.02902902902903,29.02902902902903,-0.6850666208490425,-0.7284804218360809
29.12912912912913,29.12912912912913,-0.7544365374922668,-0.6563729967759792
29.22922922922923,29.22922922922923,-0.8162532874406353,-0.5776941844456768
29.32932932932933,29.32932932932933,-0.8698979820352739,-0.4932316908421014
29.42942942942943,29.42942942942943,-0.914833548506729,-0.40383112624782436
29.52952952952953,29.52952952952953,-0.9506101069681983,-0.31038753926327445
29.62962962962963,29.62962962962963,-0.9768694744627346,-0.21383645587902156
29.72972972972973,29.72972972972973,-0.9933487509714088,-0.11514451330194628
29.82982982982983,29.82982982982983,-0.999882951480512,-0.01529978230630033
29.929929929929934,29.929929929929934,-0.9964066577564215,0.08469812500095598
30.030030030030034,30.030030030030034,-0.9829546732911127,0.18384806296276793
30.130130130130134,30.130130130130134,-0.959661674861218,0.2811573755080274
30.230230230230234,30.230230230230234,-0.92676086418911,0.3756518342926787
30.330330330330334,30.330330330330334,-0.8845816332051268,0.4663853923485924
30.430430430430434,30.430430430430434,-0.8335462662855554,0.5524496555899098
30.530530530530534,30.530530530530534,-0.774165712482463,0.6329829773513032
30.630630630630634,30.630630630630634,-0.7070344700724025,0.7071790849066714
30.730730730730734,30.730730730730734,-0.6328246346381797,0.7742951516024457
30.830830830830834,30.830830830830834,-0.5522791702723022,0.8336592337900045
30.930930930930934,30.930930930930934,-0.4662044712685729,0.8846769981011094
31.031031031031034,31.031031031031034,-0.37546228877168786,0.9268376717151314
31.131131131131134,31.131131131131134,-0.28096110321252915,0.959719156045975
31.231231231231234,31.231231231231234,-0.18364702890544632,0.9829922526521774
31.331331331331334,31.331331331331334,-0.08449434186766441,0.9964239590617792
31.431431431431434,31.431431431431434,0.015504274306874285,0.9998798015152708
31.531531531531535,31.531531531531535,0.11534766686417958,0.9933251812719691
31.631631631631635,31.631631631631635,0.21403623709728536,0.9768257210010569
31.731731731731735,31.731731731731735,0.31058194799472166,0.9505466077893309
31.831831831831835,31.831831831831835,0.404018216137152,0.9147509393432475
31.931931931931935,31.931931931931935,0.4934095888078098,0.8697970899425383
32.032032032032035,32.032032032032035,0.5778611094327363,0.8161351225165887
32.132132132132135,32.132132132132135,0.6565272775871582,0.7543022827646715
32.232232232232235,32.232232232232235,0.7286205138634149,0.6849176204314015
32.332332332332335,32.332332332332335,0.7934190448530015,0.6086757915874024
32.432432432432435,32.432432432432435,0.8502741293009239,0.5263401039646851
32.532532532532535,32.532532532532535,0.8986165530865187,0.4387348749745157
32.632632632632635,32.632632632632635,0.9379623280051586,0.3467371789167458
32.732732732732735,32.732732732732735,0.9679175372965463,0.2512680660047929
32.832832832832835,32.832832832832835,0.9881822794077837,0.1532833411184561
32.932932932932935,32.932932932932935,0.9985536705075769,0.05376399460461892
33.033033033033036,33.033033033033036,0.9989278756914095,-0.046293619070535544
33.133133133133136,33.133133133133136,0.9893011485419341,-0.1458877564897412
33.233233233233236,33.233233233233236,0.9697698686368519,-0.24402131440524427
33.333333333333336,33.333333333333336,0.9405295766287635,-0.33971181240357107
33.433433433433436,33.433433433433436,0.901873016557449,-0.4320012291713616
33.533533533533536,33.533533533533536,0.8541872049942945,-0.5199655938848601
33.633633633633636,33.633633633633636,0.797949556361609,-0.6027242366972738
33.733733733733736,33.733733733733736,0.7337231032188462,-0.6794486057112094
33.833833833833836,33.833833833833836,0.6621508593686236,-0.7493705621636023
33.933933933933936,33.933933933933936,0.5839493822172441,-0.8117900707745193
34.034034034034036,34.034034034034036,0.499901598841214,-0.8660822082666275
34.134134134134136,34.134134134134136,0.4108489675827849,-0.9117034198883757
34.234234234234236,34.234234234234236,0.31768305365000765,-0.9481969613026644
34.334334334334336,34.334334334334336,0.22133660306357728,-0.9751974713586353
34.434434434434436,34.434434434434436,0.1227742043151327,-0.9924346299655137
34.53453453453454,34.53453453453454,0.02298263122937022,-0.9997358644470923
34.63463463463464,34.63463463463464,-0.0770390362859898,-0.9970280772817414
34.73473473473474,34.73473473473474,-0.1762894146946301,-0.9843383779303867
34.83483483483484,34.83483483483484,-0.27377484234922406,-0.9617938114256389
34.93493493493494,34.93493493493494,-0.368519327700049,-0.9296200864393496
35.03503503503504,35.03503503503504,-0.45957432059648295,-0.8881393155627563
35.13513513513514,35.13513513513514,-0.5460282088543761,-0.8377667904227775
35.23523523523524,35.23523523523524,-0.6270154450128368,-0.7790068239209168
35.33533533533534,35.33533533533534,-0.7017252119063897,-0.7124477012208913
35.43543543543544,35.43543543543544,-0.7694095402956916,-0.6387557900340101
35.53553553553554,35.53553553553554,-0.8293907972857969,-0.5586688691681595
35.63563563563564,35.63563563563564,-0.8810684705604287,-0.47298874213273506
35.73573573573574,35.73573573573574,-0.9239251805107693,-0.3825732097496404
35.83583583583584,35.83583583583584,-0.9575318600673419,-0.2883274821378918
35.93593593593594,35.93593593593594,-0.981552050376238,-0.191195116052171
36.03603603603604,36.03603603603604,-0.9957452693128135,-0.09214856830766602
36.13613613613614,36.13613613613614,-0.9999694191084199,0.007820540132843461
36.23623623623624,36.23623623623624,-0.9941822089858152,0.10771135193694728
36.33633633633634,36.33633633633634,-0.9784415785603043,0.20652379365201445
36.43643643643644,36.43643643643644,-0.9529051177676573,0.3032685881066603
36.53653653653654,36.53653653653654,-0.9178284891262943,0.39697715872345063
36.63663663663664,36.63663663663664,-0.8735628681295213,0.48671132658417193
36.73673673673674,36.73673673673674,-0.8205514273937538,0.5715727031638873
36.83683683683684,36.83683683683684,-0.7593248997622638,0.6507116846968617
36.93693693693694,36.93693693693694,-0.6904962647851738,0.7233359581257682
37.03703703703704,37.03703703703704,-0.6147546117728842,0.7887184334754517
37.13713713713714,37.13713713713714,-0.5328582408639952,0.8462045232349733
37.23723723723724,37.23723723723724,-0.44562707117752914,0.8952186958691922
37.33733733733734,37.33733733733734,-0.3539344320564935,0.935270237848317
37.43743743743744,37.43743743743744,-0.2586983195861184,0.9659581665079076
37.53753753753754,37.53753753753754,-0.1608722059235846,0.9869752445534182
37.63763763763764,37.63763763763764,-0.06143549345316573,0.9981110560173984
37.73773773773774,37.73773773773774,0.03861629066340501,0.9992541128738973
37.83783783783784,37.83783783783784,0.13828146137245545,0.990392971219353
37.93793793793794,37.93793793793794,0.23656220426465308,0.9716163458451327
38.03803803803804,38.03803803803804,0.33247456535968495,0.9431122220546655
38.13813813813814,38.13813813813814,0.4250583021249505,0.9051659736173551
38.23823823823824,38.23823823823824,0.5133864971031575,0.858157505701692
38.33833833833834,38.33833833833834,0.5965748379003917,0.8025574513915632
38.43843843843844,38.43843843843844,0.6737904706265188,0.7389224598649674
38.53853853853854,38.53853853853854,0.7442603381502286,0.6678896234083198
38.63863863863864,38.63863863863864,0.8072789196888984,0.5901700990612158
38.73873873873874,38.73873873873874,0.8622152942470825,0.5065419887496168
38.83883883883884,38.83883883883884,0.9085194571868453,0.4178425491891891
38.93893893893894,38.93893893893894,0.94572782669054,0.3249598095506395
39.03903903903904,39.03903903903904,0.9734678849871697,0.22882368080818571
39.13913913913914,39.13913913913914,0.9914619078759211,0.13039664578139465
39.23923923923924,39.23923923923924,0.9995297452081262,0.030664123078581483
39.33933933933934,39.33933933933934,0.9975906244903957,-0.06937539858524963
39.43943943943944,39.43943943943944,0.985663959551852,-0.16872035692400872
39.53953953953954,39.53953953953954,0.9638691561793543,-0.26637614338769056
39.63963963963964,39.63963963963964,0.9324244166666318,-0.3613650608510615
39.73973973973974,39.73973973973974,0.8916445552457808,-0.45273611199080843
39.83983983983984,39.83983983983984,0.8419378462722938,-0.5395745203531865
39.93993993993994,39.93993993993994,0.7838019367185425,-0.6210108887904155
40.04004004004004,40.04004004004004,0.717818863898462,-0.6962299035746177
40.14014014014014,40.14014014014014,0.6446492283043155,-0.7644784970466144
40.24024024024024,40.24024024024024,0.5650255798951515,-0.8250733870778695
40.34034034034034,40.34034034034034,0.47974508405122307,-0.877407917863
40.44044044044044,40.44044044044044,0.38966154062038794,-0.9209581335551285
40.54054054054054,40.54054054054054,0.2956768359591289,-0.955288023936864
40.64064064064064,40.64064064064064,0.1987319135475071,-0.9800538896090083
40.74074074074074,40.74074074074074,0.09979735357723594,-0.9950077829941735
40.84084084084084,40.84084084084084,-0.00013634417310600844,-0.9999999907051332
40.94094094094094,40.94094094094094,-0.10006867689111434,-0.994980532425264
41.04104104104104,41.04104104104104,-0.19899915543063254,-0.9799996612947859
41.14114114114114,41.14114114114114,-0.2959373208750039,-0.9552073607931029
41.24124124124124,41.24124124124124,-0.3899126606810149,-0.9208518431542893
41.34134134134134,41.34134134134134,-0.479984325126408,-0.8772770643490839
41.44144144144144,41.44144144144144,-0.5652505467831361,-0.8249192805125637
41.54154154154154,41.54154154154154,-0.6448576687117374,-0.7643026802933921
41.64164164164164,41.64164164164164,-0.7180086909895635,-0.696034136852104
41.74174174174174,41.74174174174174,-0.7839712500078742,-0.6207971320496667
41.84184184184184,41.84184184184184,-0.842084950651739,-0.5393449136553141
41.94194194194194,41.94194194194194,-0.8917679779554131,-0.4524929540814021
42.04204204204204,42.04204204204204,-0.9325229220394953,-0.3611107861459159
42.14214214214214,42.14214214214214,-0.9639417580125483,-0.2661132976002472
42.24224224224224,42.24224224224224,-0.9857099309800657,-0.16845157157852306
42.34234234234234,42.34234234234234,-0.9976095052630402,-0.06910336467084888
42.44244244244244,42.44244244244244,-0.9995213462972102,0.03093668204918284
42.54254254254254,42.54254254254254,-0.9914263133685365,0.13066700103879478
42.64264264264264,42.64264264264264,-0.9734054512436388,0.22908912564582354
42.74274274274275,42.74274274274275,-0.945639178776653,0.32521768642344356
42.84284284284285,42.84284284284285,-0.9084054826159168,0.4180902763200112
42.94294294294295,42.94294294294295,-0.8620771340944586,0.5067770859771433
43.04304304304305,43.04304304304305,-0.8071179571678933,0.5903902126705074
43.14314314314315,43.14314314314315,-0.7440781847638547,0.6680925496954198
43.24324324324325,43.24324324324325,-0.6735889500336563,0.7391061671996497
43.34334334334335,43.34334334334335,-0.5963559676579255,0.8027201005573358
43.44344344344345,43.44344344344345,-0.5131524684668709,0.8582974683094184
43.54354354354355,43.54354354354355,-0.42481145811140403,0.9052818484081423
43.64364364364365,43.64364364364365,-0.3322173772887171,0.9432028489288008
43.74374374374375,43.74374374374375,-0.23629724701735108,0.9716808174766141
43.84384384384385,43.84384384384385,-0.1380113876123058,0.990430642139734
43.94394394394395,43.94394394394395,-0.038343804278712375,0.9992646059345021
44.04404404404405,44.04404404404405,0.06170766441970541,0.998094266165208
44.14414414414415,44.14414414414415,0.1611413365871366,0.9869313398828264
44.24424424424425,44.24424424424425,0.2589617155003463,0.9658875865778158
44.34434434434435,44.34434434434435,0.35418945618945624,0.9351736892814175
44.44444444444445,44.44444444444445,0.44587117031276413,0.8950971452774978
44.54454454454455,44.54454454454455,0.5330889711624691,0.8460591875424202
44.64464464464465,44.64464464464465,0.6149696632398931,0.7885507677344639
44.74474474474475,44.74474474474475,0.6906934843972394,0.7231476409497581
44.84484484484485,44.84484484484485,0.7595023130224848,0.6505046014545135
44.94494494494495,44.94494494494495,0.82070725809981,0.5713489271034748
45.04504504504505,45.04504504504505,0.8736955561564181,0.48647309807688965
45.14514514514515,45.14514514514515,0.9179367060458131,0.3967268628335651
45.24524524524525,45.24524524524525,0.9529877801481352,0.30300873071304324
45.34534534534535,45.34534534534535,0.9784978588135903,0.2062569763601202
45.44544544544545,45.44544544544545,0.9942115436528062,0.10744024603240766
45.54554554554555,45.54554554554555,0.9999715145002253,0.007547859837448099
45.64564564564565,45.64564564564565,0.9957201044510703,-0.09242009300985196
45.74574574574575,45.74574574574575,0.981499877203139,-0.1914627667464957
45.84584584584585,45.84584584584585,0.9574532009232748,-0.28858857919497655
45.94594594594595,45.94594594594595,0.9238208229048188,-0.3828251391529342
46.04604604604605,46.04604604604605,0.880939459286099,-0.47322898164917543
46.14614614614615,46.14614614614615,0.8292384239608875,-0.5588950135999277
46.24624624624625,46.24624624624625,0.7692353304310517,-0.6389655752985686
46.34634634634635,46.34634634634635,0.7015309096330126,-0.7126390270182219
46.44644644644645,46.44644644644645,0.6268029956202027,-0.7791777747610235
46.54654654654655,46.54654654654655,0.5457997393148639,-0.8379156548029322
46.64664664664665,46.64664664664665,0.4593321182708327,-0.8882646031024932
46.74674674674675,46.74674674674675,0.3682658174370698,-0.9297205428016565
46.84684684684685,46.84684684684685,0.27351256220901765,-0.9618684308749603
46.94694694694695,46.94694694694695,0.1760209905383807,-0.9843864134017125
47.04704704704705,47.04704704704705,0.07676715548671857,-0.9970490478599726
47.14714714714715,47.14714714714715,-0.02325524669188633,-0.9997295601818021
47.24724724724725,47.24724724724725,-0.12304482510591366,-0.9924011139729011
47.34734734734735,47.34734734734735,-0.22160251981763043,-0.9751370791896269
47.44744744744745,47.44744744744745,-0.3179416040975853,-0.9481102975834902
47.54754754754755,47.54754754754755,-0.4110975632031401,-0.9115913522672537
47.64764764764765,47.64764764764765,-0.5001377507780058,-0.8659458587271593
47.74774774774775,47.74774774774775,-0.5841707261961363,-0.8116308044027646
47.84784784784785,47.84784784784785,-0.6623551793676098,-0.7491899734812936
47.94794794794795,47.94794794794795,-0.7339083536543224,-0.6792485027119325
48.04804804804805,48.04804804804805,-0.7981138825680733,-0.6025066227454399
48.14814814814815,48.14814814814815,-0.8543289617926387,-0.51973264765869
48.24824824824825,48.24824824824825,-0.9019907847259433,-0.43175528285068726
48.34834834834835,48.34834834834835,-0.9406221771118294,-0.3394553283208297
48.44844844844845,48.44844844844845,-0.9698363743493739,-0.2437568603934281
48.54854854854855,48.54854854854855,-0.9893408936509257,-0.14561798017411107
48.64864864864865,48.64864864864865,-0.998940462282111,-0.046021221361480874
48.74874874874875,48.74874874874875,-0.998538972567245,0.054036286552193065
48.84884884884885,48.84884884884885,-0.9881404440872891,0.15355280120849327
48.94894894894895,48.94894894894895,-0.9678489834371484,0.2515319964928487
49.04904904904905,49.04904904904905,-0.9378677419452064,0.3469929374189045
49.14914914914915,49.14914914914915,-0.8984968817900607,0.43897990092205547
49.24924924924925,49.24924924924925,-0.8501305708770202,0.5265719442396375
49.34934934934935,49.34934934934935,-0.7932530365606554,0.6088921250823495
49.44944944944945,49.44944944944945,-0.7284337177222167,0.6851162812876292
49.54954954954955,49.54954954954955,-0.6563215637376995,0.7544812820560235
49.64964964964965,49.64964964964965,-0.5776385374133863,0.8162926681619307
49.74974974974975,49.74974974974975,-0.4931723869353062,0.8699316046474761
49.84984984984985,49.84984984984985,-0.40376875919743666,0.9148610763914719
49.94994994994995,49.94994994994995,-0.3103227334673774,0.9506312645254915
50.050050050050054,50.050050050050054,-0.21376986015160393,0.9768840498701796
50.150150150150154,50.150150150150154,-0.11507679437719362,0.9933565983048933
50.250250250250254,50.250250250250254,-0.015231618163474821,0.9998839921751533
50.350350350350354,50.350350350350354,0.08476605192521393,0.9964008813931328
50.450450450450454,50.450450450450454,0.1839150726067781,0.9829421377009145
50.550550550550554,50.550550550550554,0.2812227969936095,0.9596425055462534
50.650650650650654,50.650650650650654,0.3757150126417645,0.9267352530661596
50.750750750750754,50.750750750750754,0.46644569504064703,0.8845498366842016
50.850850850850854,50.850850850850854,0.5525064788945165,0.8335086027028055
50.950950950950954,50.950950950950954,0.6330357523725104,0.7741225589131023
51.051051051051054,51.051051051051054,0.7072272832785892,0.7069862585555579
51.151151151151154,51.151151151151154,0.7743382907790688,0.6327718478514592
51.251251251251254,51.251251251251254,0.8336968818763013,0.5522223366993882
51.351351351351354,51.351351351351354,0.8847087781770113,0.4661441599082196
51.451451451451454,51.451451451451454,0.9268632656091302,0.37539910344109634
51.551551551551555,51.551551551551555,0.9597383075205503,0.28089567650213054
51.651651651651655,51.651651651651655,0.9830047699691608,0.1835800158456182
51.751751751751755,51.751751751751755,0.9964297169019727,0.084426413370785
51.851851851851855,51.851851851851855,0.9998787422331009,-0.015572438163376636
51.951951951951955,51.951951951951955,0.9933173154726154,-0.11541538364653459
52.052052052052055,52.052052052052055,0.9768111274342759,-0.2141028288476798
52.152152152152155,52.152152152152155,0.9505254325610402,-0.31064674801878667
52.252252252252255,52.252252252252255,0.9147233944527619,-0.40408057567868433
52.352352352352355,52.352352352352355,0.8697634511601038,-0.49346888354390256
52.452452452452455,52.452452452452455,0.8160957266224624,-0.5779167457242912
52.552552552552555,52.552552552552555,0.7542575241773906,-0.6565786984222022
52.652652652652655,52.652652652652655,0.6848679472589961,-0.7286672044337175
52.752752752752755,52.752752752752755,0.608621701141088,-0.7934605377081636
52.852852852852855,52.852852852852855,0.5262821377799487,-0.850310009028335
52.952952952952955,52.952952952952955,0.4386736133894428,-0.8986464604703285
53.053053053053056,53.053053053053056,0.34667323526187005,-0.937985963622627
53.153153153153156,53.153153153153156,0.251202080462635,-0.9679346645157636
53.253253253253256,53.253253253253256,0.15321597431423056,-0.9881927267567502
53.353353353353356,53.353353353353356,0.053695920992274784,-0.9985573333909232
53.453453453453456,53.453453453453456,-0.04636171796072237,-0.9989247174375707
53.553553553553556,53.553553553553556,-0.1459551988744215,-0.989291200770293
53.653653653653656,53.653653653653656,-0.2440874250737827,-0.9697532309411764
53.753753753753756,53.753753753753756,-0.33977592947802965,-0.9405064155801071
53.853853853853856,53.853853853853856,-0.4320627107330005,-0.9018435640364971
53.953953953953956,53.953953953953956,-0.520023824400814,-0.8541517558698521
54.054054054054056,54.054054054054056,-0.602778633183061,-0.7979084655384732
54.154154154154156,54.154154154154156,-0.6794986235673781,-0.7336767820846171
54.254254254254256,54.254254254254256,-0.7494157006280783,-0.6620997716750298
54.354354354354356,54.354354354354356,-0.8118298779360688,-0.5838940394372149
54.454454454454456,54.454454454454456,-0.8661162855892411,-0.49984255504818315
54.55455455455456,54.55455455455456,-0.9117314262012786,-0.4107868139034926
54.65465465465466,54.65465465465466,-0.9482186162160035,-0.3176184123463368
54.75475475475476,54.75475475475476,-0.9752125580706492,-0.22127012130267548
54.85485485485486,54.85485485485486,-0.9924429974330793,-0.1227065476901908
54.95495495495496,54.95495495495496,-0.9997374288979183,-0.022914477095925496
55.05505505505506,55.05505505505506,-0.9970228230530687,0.07710700559151107
55.15515515515516,55.15515515515516,-0.9843263576257982,0.1763565186862371
55.25525525525526,55.25525525525526,-0.9617751453884106,0.2738404092041599
55.35535535535536,55.35535535535536,-0.9295949615476131,0.36858270098485596
55.45545545545546,55.45545545545546,-0.888107983358538,0.45963486583899477
55.55555555555556,55.55555555555556,-0.8377295645936439,0.5460853198958419
55.65565565565566,55.65565565565566,-0.7789640771594388,0.6270685500765796
55.75575575575576,55.75575575575576,-0.7123998614933711,0.701773779322244
55.85585585585586,55.85585585585586,-0.638703336295825,0.7694530838229076
55.95595595595596,55.95595595595596,-0.558612326568621,0.8294288809811196
56.05605605605606,56.05605605605606,-0.47292867675746947,0.8811007131426174
56.15615615615616,56.15615615615616,-0.382510222953128,0.9239512591778575
56.25625625625626,56.25625625625626,-0.2882622045229069,0.9575515137284227
56.35635635635636,56.35635635635636,-0.19112820115639767,0.9815650822654194
56.45645645645646,56.45645645645646,-0.09208068606069678,0.9957515489591725
56.55655655655656,56.55655655655656,0.007888710116618965,0.9999688836422341
56.65665665665666,56.65665665665666,0.10777912716241454,0.9941748637679934
56.75675675675676,56.75675675675676,0.20659049557624734,0.9784274971287145
56.85685685685686,56.85685685685686,0.3033335489322662,0.9528844411008905
56.95695695695696,56.95695695695696,0.3970397280843351,0.9178014242322341
57.05705705705706,57.05705705705706,0.4867708780567867,0.8735296859728494
57.15715715715716,57.15715715715716,0.5716286405387737,0.8205124601831427
57.25725725725726,57.25725725725726,0.6507634479477008,0.7592805376244146
57.35735735735736,57.35735735735736,0.7233830290161772,0.6904469518589973
57.45745745745746,57.45745745745746,0.7887603407473935,0.6147008417629308
57.55755755755756,57.55755755755756,0.8462408473268348,0.5328005520976501
57.65765765765766,57.65765765765766,0.8952490731162949,0.4455660412154576
57.75775775775776,57.75775775775776,0.9352943641238062,0.353870671910297
57.85785785785786,57.85785785785786,0.9659758002675694,0.25863246760109
57.95795795795796,57.95795795795796,0.9869862092539391,0.16080492138780944
58.05805805805806,58.05805805805806,0.9981152418838578,0.0613674499969486
58.15815815815816,58.15815815815816,0.9992514779987982,-0.03868441181170127
58.25825825825826,58.25825825825826,0.990383541982185,-0.13834897820664085
58.35835835835836,58.35835835835836,0.9716002166482698,-0.23662844082872872
58.45845845845846,58.45845845845846,0.9430895543782408,-0.33253885851528875
58.55855855855856,58.55855855855856,0.9051369944025759,-0.42512000819047707
58.65865865865866,58.65865865865866,0.8581225050787802,-0.5134449982980834
58.75875875875876,58.75875875875876,0.8025167797750679,-0.5966295485302879
58.85885885885886,58.85885885885886,0.7388765244455321,-0.6738408429468276
58.95895895895896,58.95895895895896,0.6678388840760253,-0.7443058678500991
59.05905905905906,59.05905905905906,0.5901150638013143,-0.8073191509401786
59.15915915915916,59.15915915915916,0.5064832085567533,-0.8622498242679184
59.25925925925926,59.25925925925926,0.41778061255102705,-0.9085479402741985
59.35935935935936,59.35935935935936,0.3248953365561184,-0.9457499776812509
59.45945945945946,59.45945945945946,0.2287573169393982,-0.9734834821129158
59.55955955955956,59.55955955955956,0.130329055451235,-0.9914707949834876
59.65965965965966,59.65965965965966,0.030595982978865777,-0.9995318333227596
59.75975975975976,59.75975975975976,-0.06944340625859612,-0.9975858927065897
59.85985985985987,59.85985985985987,-0.1687875513008763,-0.9856524552426449
59.95995995995997,59.95995995995997,-0.26644185174040824,-0.9638509945220487
60.06006006006007,60.06006006006007,-0.3614286253295429,-0.9323997794896762
60.16016016016017,60.16016016016017,-0.45279689620872027,-0.8916136892083641
60.26026026026027,60.26026026026027,-0.5396319157592359,-0.8419010603948762
60.36036036036037,60.36036036036037,-0.6210643207609623,-0.7837595992890452
60.46046046046047,60.46046046046047,-0.6962788371666144,-0.7177713987850918
60.56056056056057,60.56056056056057,-0.7645224423532779,-0.6445971107119383
60.66066066066067,60.66066066066067,-0.8251119041334635,-0.564969331607699
60.76076076076077,60.76076076076077,-0.8774406210476253,-0.4796852682077673
60.86086086086087,60.86086086086087,-0.9209846954554207,-0.38959875607718003
60.96096096096097,60.96096096096097,-0.9553081786239469,-0.29561171129405067
61.06106106106107,61.06106106106107,-0.9800674353008848,-0.19866510076695917
61.16116116116117,61.16116116116117,-0.9950145840758996,-0.09972952158846728
61.26126126126127,61.26126126126127,-0.9999999790865497,0.00020451625887405502
61.36136136136137,61.36136136136137,-0.9949737082226923,0.10013650655772281
61.46146146146147,61.46146146146147,-0.9799860928298633,0.19906596359010878
61.56156156156157,61.56156156156157,-0.9551871839087697,0.29600243866636355
61.66166166166167,61.66166166166167,-0.9208252598547738,0.38997543616667474
61.76176176176177,61.76176176176177,-0.8772443407775045,0.4800441298191674
61.86186186186187,61.86186186186187,-0.8248807442863919,0.5653067819383808
61.96196196196197,61.96196196196197,-0.7642587172244567,0.644909771321871
62.06206206206207,62.06206206206207,-0.6959851870839711,0.7180561394206513
62.16216216216217,62.16216216216217,-0.6207436856510697,0.7840135692220678
62.26226226226227,62.26226226226227,-0.5392875057137491,0.842121716963197
62.36236236236237,62.36236236236237,-0.45243215934601066,0.8917988232721021
62.46246246246247,62.46246246246247,-0.3610472132732884,0.9325475375484044
62.56256256256257,62.56256256256257,-0.26604758306075643,0.9639598972714217
62.66266266266267,62.66266266266267,-0.16838437328419523,0.9857214123847005
62.76276276276277,62.76276276276277,-0.06903535538856823,0.9976142138654471
62.86286286286287,62.86286286286287,0.031004821433191544,0.9995192349564344
62.96296296296297,62.96296296296297,0.13073458833577167,0.9914174032226166
63.06306306306307,63.06306306306307,0.22915548419431975,0.9733898314979805
63.16316316316317,63.16316316316317,0.3252821518638231,0.9456170058109366
63.26326326326327,63.26326326326327,0.41815220324581787,0.9083769784184693
63.36336336336337,63.36336336336337,0.5068358543966743,0.862042584039787
63.46346346346347,63.46346346346347,0.5904452342139701,0.807077707159608
63.56356356356357,63.56356356356357,0.6681432735054937,0.7440326377715987
63.66366366366367,63.66366366366367,0.7391520854464859,0.6735385620587071
63.76376376376377,63.76376376376377,0.8027607535227798,0.596301243167863
63.86386386386387,63.86386386386387,0.8583324489895547,0.5130939553450161
63.96396396396397,63.96396396396397,0.9053108065880822,0.4247497421715946
64.06406406406407,64.06406406406407,0.9432254946889161,0.33215307641033437
64.16416416416416,64.16416416416416,0.9716969240951148,0.23623100495932528
64.26426426426427,64.26426426426427,0.9904400483625373,0.13794386756798885
64.36436436436436,64.36436436436436,0.9992672175896441,0.03827568223625592
64.46446446446447,64.46446446446447,0.9980900571056701,-0.06177570644517346
64.56456456456456,64.56456456456456,0.9869203522483082,-0.1612086173815635
64.66466466466467,64.66466466466467,0.9658699303728427,-0.2590275614708983
64.76476476476476,64.76476476476476,0.9351495412740217,-0.35425320810824956
64.86486486486487,64.86486486486487,0.895066747229461,-0.4459321899168888
64.96496496496496,64.96496496496496,0.8460228437888552,-0.5331466475440115
65.06506506506507,65.06506506506507,0.788508842136888,-0.6150234189621921
65.16516516516516,65.16516516516516,0.7231005532532635,-0.6907427812759424
65.26526526526527,65.26526526526527,0.6504528230853842,-0.7595466575137132
65.36536536536536,65.36536536536536,0.5712929764494638,-0.8207462062413158
65.46546546546547,65.46546546546547,0.48641353529725034,-0.8737287180124221
65.56556556556556,65.56556556556556,0.39666428425097067,-0.9179637496108793
65.66566566566567,65.66566566566567,0.3029437628433536,-0.9530084346711261
65.76576576576576,65.76576576576576,0.2061902696399664,-0.9785119175083142
65.86586586586587,65.86586586586587,0.10737246830718357,-0.994218865768309
65.96596596596596,65.96596596596596,0.00747968967512066,-0.99997202672993
66.06606606606607,66.06606606606607,-0.09248797311239479,-0.9957138016667043
66.16616616616616,66.16616616616616,-0.19152967719631944,-0.9814868225060761
66.26626626626627,66.26626626626627,-0.28865385010701394,-0.95743352501278
66.36636636636636,66.36636636636636,-0.38288811705659537,-0.923794722769542
66.46646646646647,66.46646646646647,-0.4732890360307313,-0.8809071962318739
66.56656656656656,66.56656656656656,-0.5589515432149509,-0.8292003209946466
66.66666666666667,66.66666666666667,-0.6390180141914412,-0.7691917690269618
66.76676676676676,66.76676676676676,-0.712686850188248,-0.7014823259133146
66.86686686686687,66.86686686686687,-0.7792205034186034,-0.6267498759888656
66.96696696696696,66.96696696696696,-0.8379528611630053,-0.5457426155879098
67.06706706706707,67.06706706706707,-0.888295914667414,-0.4592715623519296
67.16716716716716,67.16716716716716,-0.9297456460904858,-0.3682024355918697
67.26726726726727,67.26726726726727,-0.9618870745619581,-0.27344698899537734
67.36736736736736,67.36736736736736,-0.9843984108325061,-0.1759538824534328
67.46746746746747,67.46746746746747,-0.9970542789202935,-0.0766991843941872
67.56756756756756,67.56756756756756,-0.99972797250002,0.0233234002881053
67.66766766766767,67.66766766766767,-0.9923927234443556,0.12311247887478662
67.76776776776777,67.76776776776777,-0.9751219698174897,0.22166899643220006
67.86786786786787,67.86786786786787,-0.9480886206377467,0.318006238016198
67.96796796796797,67.96796796796797,-0.911563324770251,0.4111597073325715
68.06806806806807,68.06806806806807,-0.8659117612808328,0.5001967829519959
68.16816816816817,68.16816816816817,-0.8115909783793682,0.5842260554042586
68.26826826826827,68.26826826826827,-0.7491448176056668,0.6624062516723195
68.36836836836838,68.36836836836838,-0.6791984690696226,0.7339546577367576
68.46846846846847,68.46846846846847,-0.6024522122565771,0.7981549548472127
68.56856856856858,68.56856856856858,-0.5196744050629091,0.8543643910665469
68.66866866866867,68.66866866866867,-0.43169379125342106,0.9020202162885529
68.76876876876878,68.76876876876878,-0.33939120335540424,0.9406453163041693
68.86886886886887,68.86886886886887,-0.2436907440575982,0.9698529895095721
68.96896896896898,68.96896896896898,-0.14555053440253998,0.9893508184335499
69.06906906906907,69.06906906906907,-0.04595312139872635,0.9989435973235495
69.16916916916918,69.16916916916918,0.05410435891205772,0.9985352864805105
69.26926926926927,69.26926926926927,0.15362016444771742,0.9881299737762519
69.36936936936938,69.36936936936938,0.2515979761931889,0.9678318337270642
69.46946946946947,69.46946946946947,0.3470568730136189,0.9378440845332494
69.56956956956958,69.56956956956958,0.43904115230933227,0.8984669535263352
69.66966966966967,69.66966966966967,0.5266298981910272,0.850094671393315
69.76976976976978,69.76976976976978,0.6089462013822549,0.7932115252706067
69.86986986986987,69.86986986986987,0.6851659385421812,0.7283870102230078
69.96996996996998,69.96996996996998,0.7545260231133811,0.6562701276492062
70.07007007007007,70.07007007007007,0.8163320450895581,0.5775828876965622
70.17017017017018,70.17017017017018,0.8699652232167309,0.49311308073652205
70.27027027027027,70.27027027027027,0.9148886000244573,0.40370639027056376
70.37037037037038,70.37037037037038,0.9506524176647905,0.3102579262292727
70.47047047047047,70.47047047047047,0.9768986207376205,0.21370326343070858
70.57057057057058,70.57057057057058,0.9933644410218195,0.11500907491762569
70.67067067067067,70.67067067067067,0.9998850282229004,0.015163453949864934
70.77077077077078,70.77077077077078,0.9963951003991368,-0.08483397845553439
70.87087087087087,70.87087087087087,0.9829295975425582,-0.18398208139605524
70.97097097097098,70.97097097097098,0.9596233317714122,-0.2812882171722343
71.07107107107107,71.07107107107107,0.9267096376362688,-0.37577818924473977
71.17117117117118,71.17117117117118,0.8845180360523865,-0.4665059955649327
71.27127127127127,71.27127127127127,0.8334709352463797,-0.5525632996313862
71.37137137137138,71.37137137137138,0.7740794017460542,-0.6330885244517317
71.47147147147147,71.47147147147147,0.7069380437530418,-0.7072754783637154
71.57157157157158,71.57157157157158,0.6327190581239682,-0.7743814263570108
71.67167167167167,71.67167167167167,0.5521655005600576,-0.8337345260880474
71.77177177177178,71.77177177177178,0.4660838463814861,-0.8847405541412914
71.87187187187187,71.87187187187187,0.37533591636586244,-0.9268888551955937
71.97197197197198,71.97197197197198,0.2808302484862812,-0.9597574545348078
72.07207207207207,72.07207207207207,0.1835130019326142,-0.9830172827176948
72.17217217217218,72.17217217217218,0.08435848448153238,-0.9964354701113259
72.27227227227228,72.27227227227228,-0.01564060194750712,-0.9998776783040612
72.37237237237238,72.37237237237238,-0.11548309989251133,-0.9933094450568847
72.47247247247248,72.47247247247248,-0.2141694196030456,-0.9767965293278301
72.57257257257258,72.57257257257258,-0.31071154659914835,-0.9505042529152435
72.67267267267268,72.67267267267268,-0.4041429333422792,-0.9146958453111603
72.77277277277278,72.77277277277278,-0.4935281759866378,-0.8697298083354981
72.87287287287288,72.87287287287288,-0.5779723793300166,-0.8160563269355857
72.97297297297298,72.97297297297298,-0.6566301162058455,-0.7542127620847434
73.07307307307308,73.07307307307308,-0.7287138916175877,-0.6848182709037126
73.17317317317318,73.17317317317318,-0.7935020268757751,-0.6085676078662392
73.27327327327328,73.27327327327328,-0.8503458848039868,-0.526224169149351
73.37337337337338,73.37337337337338,-0.8986763636777418,-0.4386123497656571
73.47347347347348,73.47347347347348,-0.9380095948808681,-0.3466092899958535
73.57357357357358,73.57357357357358,-0.9679517872365708,-0.2511360937530253
73.67367367367368,73.67367367367368,-0.9882031695131567,-0.15314860679794398
73.77377377377378,73.77377377377378,-0.9985609916335412,-0.053627847130375335
73.87387387387388,73.87387387387388,-0.9989215545412957,0.04642981663544621
73.97397397397398,73.97397397397398,-0.9892812484009857,0.14602264058079173
74.07407407407408,74.07407407407408,-0.9697365887386373,0.24415353460794106
74.17417417417418,74.17417417417418,-0.9404832501605074,0.33984004497340886
74.27427427427428,74.27427427427428,-0.9018141073242874,0.43212419028665683
74.37437437437438,74.37437437437438,-0.8541163027757926,0.5200820524999978
74.47447447447448,74.47447447447448,-0.7978673710071108,0.6028330268674748
74.57457457457458,74.57457457457458,-0.7336304575406691,0.6795486382656274
74.67467467467468,74.67467467467468,-0.6620486809043713,0.7494608356096948
74.77477477477478,74.77477477477478,-0.5838386939435711,0.811869681324697
74.87487487487488,74.87487487487488,-0.4997835089321673,0.8661503588866372
74.97497497497498,74.97497497497498,-0.4107246583150894,0.9117594282769732
75.07507507507508,75.07507507507508,-0.31755376956655557,0.9482402667225596
75.17517517517518,75.17517517517518,-0.2212036385134286,0.9752276402504291
75.27527527527528,75.27527527527528,-0.1226388904949784,0.992451360288332
75.37537537537538,75.37537537537538,-0.02284632285598016,0.9997389887025314
75.47547547547548,75.47547547547548,0.07717497453868268,0.9970175641907988
75.57557557557558,75.57557557557558,0.1764236218582459,0.9843143327466174
75.67567567567568,75.67567567567568,0.2739059747864407,0.9617564748813963
75.77577577577578,75.77577577577578,0.3686460725567059,0.9295698323356433
75.87587587587588,75.87587587587588,0.4596954089453842,0.8880766470268971
75.97597597597598,75.97597597597598,0.5461424283994184,0.837692334871214
76.07607607607608,76.07607607607608,0.6271216522260631,0.7789213267777771
76.17617617617618,76.17617617617618,0.7018223434766566,0.7123520184550148
76.27627627627628,76.27627627627628,0.7694966237741413,0.6386508795893087
76.37637637637638,76.37637637637638,0.8294669608217307,0.5585557813729632
76.47647647647648,76.47647647647648,0.8811329516299492,0.47286860918429935
76.57657657657658,76.57657657657658,0.9239773335509464,0.3824472343789182
76.67667667667668,76.67667667667668,0.9575711629393466,0.28819692556824267
76.77677677677679,76.77677677677679,0.9815781095928439,0.1910612853723618
76.87687687687688,76.87687687687688,0.9957578239778426,0.09201280338578868
76.97697697697699,76.97697697697699,0.9999683435287595,-0.007956880063739319
77.07707707707708,77.07707707707708,0.99416751392981,-0.1078469018869855
77.17717717717719,77.17717717717719,0.9784134111499465,-0.2066571965403716
77.27727727727728,77.27727727727728,0.9528637600056568,-0.30339850834814963
77.37737737737739,77.37737737737739,0.9177743550727498,-0.39710229560001037
77.47747747747748,77.47747747747748,0.8734964997565063,-0.48683042726716624
77.57757757757759,77.57757757757759,0.8204734891592507,-0.57168457525706
77.67767767767768,77.67767767767768,0.7592361719578596,-0.6508152081741602
77.77777777777779,77.77777777777779,0.6903976357240094,-0.7234300965447167
77.87787787787788,77.87787787787788,0.6146470688961962,-0.7888022443536242
77.97797797797799,77.97797797797799,0.5327428608551439,-0.846277167485852
78.07807807807808,78.07807807807808,0.44550500918264757,-0.8952794462027871
78.17817817817819,78.17817817817819,0.3538069101195034,-0.9353184860525796
78.27827827827828,78.27827827827828,0.25856661441408446,-0.965993429537923
78.37837837837839,78.37837837837839,0.16073763610469713,-0.9869971693675084
78.47847847847848,78.47847847847848,0.06129940625553034,-0.9981194231116433
78.57857857857859,78.57857857857859,-0.0387525327802214,-0.9992488384797442
78.67867867867868,78.67867867867868,-0.13841649439785858,-0.9903741081422754
78.77877877877879,78.77877877877879,-0.23669467629309635,-0.9715840829359579
78.87887887887888,78.87887887887888,-0.33260315012544034,-0.9430668823188703
78.97897897897899,78.97897897897899,-0.42518171228029317,-0.9051080109812298
79.07907907907908,79.07907907907908,-0.513503497106808,-0.858087500467801
79.17917917917919,79.17917917917919,-0.5966842563873939,-0.8024761044289249
79.27927927927928,79.27927927927928,-0.6738912121355058,-0.7388305855922173
79.37937937937939,79.37937937937939,-0.7443513940908624,-0.6677881416399888
79.47947947947948,79.47947947947948,-0.8073593784394967,-0.5900600257988924
79.57957957957959,79.57957957957959,-0.8622843502815093,-0.5064244260100369
79.67967967967968,79.67967967967968,-0.9085764191391357,-0.4177186739712574
79.77977977977979,79.77977977977979,-0.945772124276654,-0.3248308620516612
79.87987987987988,79.87987987987988,-0.9734990747144623,-0.22869095200747624
79.97997997997999,79.97997997997999,-0.9914796774832605,-0.1302614645153727
80.08008008008008,80.08008008008008,-0.9995339167921354,-0.03052784273695728
80.18018018018019,80.18018018018019,-0.9975811562865693,0.06951141360921607
80.28028028028028,80.28028028028028,-0.985640946352686,0.16885474489330096
80.38038038038039,80.38038038038039,-0.9638328283853116,0.2665075588548483
80.48048048048048,80.48048048048048,-0.9323751379794599,0.36149218812829564
80.58058058058059,80.58058058058059,-0.8915828190272356,0.45285767832228235
80.68068068068068,80.68068068068068,-0.8418642706047871,0.5396893086573699
80.78078078078079,80.78078078078079,-0.7837172582170815,0.6211177498451484
80.88088088088088,80.88088088088088,-0.7177239303359366,0.6963277675226915
80.98098098098099,80.98098098098099,-0.6445449901238443,0.7645663841068698
81.08108108108108,81.08108108108108,-0.564913080694601,0.8251504173543968
81.18118118118119,81.18118118118119,-0.47962545013501245,0.8774733201544003
81.28128128128128,81.28128128128128,-0.38953596972335097,0.9210112530754924
81.38138138138139,81.38138138138139,-0.29554658525514355,0.9553283288712966
81.48148148148148,81.48148148148148,-0.19859828706314236,0.9800809764379603
81.58158158158159,81.58158158158159,-0.09966168913621938,0.995021380533361
81.68168168168168,81.68168168168168,0.0002726883436774151,0.9999999628205329
81.78178178178179,81.78178178178179,0.10020433575894648,0.9949668793960472
81.88188188188188,81.88188188188188,0.1991327708244253,0.9799725198105235
81.98198198198199,81.98198198198199,0.29606755508206484,0.9551670025852697
82.08208208208208,82.08208208208208,0.39003820983993664,0.9207986722757899
82.18218218218219,82.18218218218219,0.4801039322809474,0.8772116131289938
82.28228228228228,82.28228228228228,0.5653630144663883,0.82484220422665
82.38238238238239,82.38238238238239,0.644961870934824,0.7642147506036844
82.48248248248248,82.48248248248248,0.7181035845146111,0.6959362340813035
82.58258258258259,82.58258258258259,0.784055884792606,0.6206902363676133
82.68268268268268,82.68268268268268,0.8421584793609429,0.5392300952658933
82.78278278278279,82.78278278278279,0.8918296644442123,0.45237136250797727
82.88288288288288,82.88288288288288,0.9325721487233557,0.36098363872273137
82.98298298298299,82.98298298298299,0.9639780320503538,0.26598186728483414
83.08308308308308,83.08308308308308,0.9857328892082584,0.16831717420732625
83.18318318318319,83.18318318318319,0.997618917831508,0.06896734578545743
83.28328328328328,83.28328328328328,0.9995171189704598,-0.0310729606730932
83.38338338338339,83.38338338338339,0.9914084884691512,-0.13080217502516123
83.48348348348348,83.48348348348348,0.973374207228561,-0.2292218416778173
83.58358358358359,83.58358358358359,0.9455948284505279,-0.3253466157924754
83.68368368368368,83.68368368368368,0.9083484699994032,-0.4182141282282836
83.78378378378379,83.78378378378379,0.8620080299788299,-0.5068946204607194
83.88388388388388,83.88388388388388,0.807037453400487,-0.5905002530133723
83.98398398398399,83.98398398398399,0.7439870873215005,-0.6681939942104164
84.08408408408408,84.08408408408408,0.6734881709535375,-0.7391980002581572
84.18418418418419,84.18418418418419,0.5962465159065302,-0.8028014027574465
84.28428428428428,84.28428428428428,0.5130354398385975,-0.8583674256806445
84.38438438438439,84.38438438438439,0.424688024257789,-0.9053397605606502
84.48448448448448,84.48448448448448,0.33208877398829906,-0.9432481360654514
84.58458458458459,84.58458458458459,0.2361647618034178,-0.971713026197722
84.68468468468468,84.68468468468468,0.13787634688259398,-0.9904494499823353
84.78478478478479,84.78478478478479,0.03820756001590158,-0.9992698246007589
84.88488488488488,84.88488488488488,-0.06184374818353594,-0.9980858434075756
84.98498498498499,84.98498498498499,-0.16127589742679807,-0.9869093600271409
85.08508508508508,85.08508508508508,-0.2590934062376301,-0.9658522696790552
85.18518518518519,85.18518518518519,-0.354316958380688,-0.9351253889205756
85.28528528528528,85.28528528528528,-0.445993207448567,-0.8950363450216642
85.38538538538539,85.38538538538539,-0.5332043214478024,-0.8459864961034477
85.4854854854855,85.4854854854855,-0.6150771718262165,-0.7884669128747654
85.58558558558559,85.58558558558559,-0.6907920749444744,-0.7230534621961973
85.6856856856857,85.6856856856857,-0.7595909984750036,-0.6504010416933134
85.78578578578579,85.78578578578579,-0.8207851505684662,-0.5712370231403949
85.8858858858859,85.8858858858859,-0.8737618758078334,-0.48635397025703025
85.98598598598599,85.98598598598599,-0.9179907889097757,-0.3966017038248923
86.0860860860861,86.0860860860861,-0.9530290847650759,-0.3028787935657462
86.18618618618619,86.18618618618619,-0.9785259716554722,-0.20612356196154313
86.2862862862863,86.2862862862863,-0.9942261832632466,-0.10730469008294603
86.38638638638639,86.38638638638639,-0.9999725343123315,-0.007411519478017651
86.4864864864865,86.4864864864865,-0.9957074942548241,0.092555852785113
86.58658658658659,86.58658658658659,-0.9814737632476157,0.1915965867560357
86.6866866866867,86.6866866866867,-0.9574138446526745,0.28871911967755853
86.78678678678679,86.78678678678679,-0.9237686183409853,0.3829510931808226
86.8868868868869,86.8868868868869,-0.8808749290836879,0.47334908821271415
86.98698698698699,86.98698698698699,-0.8291622141747444,0.5590080702322957
87.0870870870871,87.0870870870871,-0.7691482040480999,0.6390704501145256
87.18718718718719,87.18718718718719,-0.7014337389335142,0.7127346700461193
87.2872872872873,87.2872872872873,-0.6266967534447444,0.7792632284548124
87.38738738738739,87.38738738738739,-0.5456854893246413,0.837990063628756
87.4874874874875,87.4874874874875,-0.4592110042985862,0.8883272221040419
87.58758758758759,87.58758758758759,-0.36813905203546016,0.9297707450583895
87.6876876876877,87.6876876876877,-0.2733814145109036,0.9619057137786517
87.78778778778779,87.78778778778779,-0.17588677355073698,0.9844104036883762
87.8878878878879,87.8878878878879,-0.0766312129451944,0.9970595053468716
87.98798798798799,87.98798798798799,0.02339155377594453,0.9997263801720684
88.0880880880881,88.0880880880881,0.12318013207150957,0.99238432830373
88.18818818818819,88.18818818818819,0.22173547201659163,0.9751068559135349
88.2882882882883,88.2882882882883,0.3180708704569045,0.9480669392858223
88.38838838838839,88.38838838838839,0.41122184955117846,0.9115352930368127
88.4884884884885,88.4884884884885,0.5002558128013609,0.8658776598102355
88.58858858858859,88.58858858858859,0.5842813818972409,0.8115511485841485
88.6886886886887,88.6886886886887,0.6624573208985456,0.7490996582484345
88.78878878878879,88.78878878878879,0.7340009584081777,0.6791484322707935
88.8888888888889,88.8888888888889,0.7981960234169845,0.6023977989678522
88.988988988989,88.988988988989,0.8543998163698461,0.5196161600519881
89.0890890890891,89.0890890890891,0.9020496436590866,0.4316322976498803
89.1891891891892,89.1891891891892,0.9406684511249178,0.33932707681269414
89.2892892892893,89.2892892892893,0.969869600162445,0.24362462658922487
89.3893893893894,89.3893893893894,0.98936073861823,0.14548308795454654
89.4894894894895,89.4894894894895,0.9989467277224646,0.045885021222400665
89.5895895895896,89.5895895895896,0.9985315957531505,-0.054172431020461785
89.6896896896897,89.6896896896897,0.9881194988729454,-0.15368752697300914
89.7897897897898,89.7897897897898,0.9678146795190495,-0.25166395472423053
89.8898898898899,89.8898898898899,0.9378204227627222,-0.34712080699541636
89.98998998999,89.98998998999,0.8984370210870505,-0.43910240165618175
90.0900900900901,90.0900900900901,0.8500587679588478,-0.5266878496949458
90.1901901901902,90.1901901901902,0.7931700102941689,-0.609000274852112
90.2902902902903,90.2902902902903,0.7283402993386638,-0.6852155926124752
90.3903903903904,90.3903903903904,0.656218688510752,-0.75457076066412
90.4904904904905,90.4904904904905,0.5775272352954542,-0.8163714182233409
90.5905905905906,90.5905905905906,0.4930537722460401,-0.8699988377428731
90.6906906906907,90.6906906906907,0.40364401946748585,-0.9149161194055616
90.7907907907908,90.7907907907908,0.3101931175492784,-0.9506735663859912
90.8908908908909,90.8908908908909,0.21363666571663462,-0.9769131870649914
90.990990990991,90.990990990991,0.11494135492357486,-0.9933722791221491
91.0910910910911,91.0910910910911,0.0150952896657768,-0.9998860596237484
91.1911911911912,91.1911911911912,-0.08490190459158041,-0.9963893147744621
91.2912912912913,91.2912912912913,-0.18404908933029487,-0.9829170528161006
91.3913913913914,91.3913913913914,-0.28135363604357716,-0.9596041535367895
91.4914914914915,91.4914914914915,-0.3758413641013176,-0.9266840178995539
91.5915915915916,91.5915915915916,-0.46656629392115023,-0.8844862313098395
91.6916916916917,91.6916916916917,-0.5526201178002605,-0.8334332639164495
91.7917917917918,91.7917917917918,-0.6331412935887052,-0.7740362409815326
91.8918918918919,91.8918918918919,-0.7073236701618308,-0.7068898256650731
91.991991991992,91.991991991992,-0.7744245583360576,-0.6326662654559686
92.0920920920921,92.0920920920921,-0.8337721664250717,-0.5521086618545687
92.1921921921922,92.1921921921922,-0.884772325993792,-0.46602353068867153
92.2922922922923,92.2922922922923,-0.9269144404744057,-0.3752727275462733
92.3923923923924,92.3923923923924,-0.9597765970886523,-0.2807648191653056
92.4924924924925,92.4924924924925,-0.9830297908977229,-0.1834459871667387
92.5925925925926,92.5925925925926,-0.9964412186898105,-0.08429055520024348
92.6926926926927,92.6926926926927,-0.9998766097281564,0.01570876565895605
92.7927927927928,92.7927927927928,-0.9933015700248162,0.11555081560177395
92.8928928928929,92.8928928928929,-0.9767819266817861,0.21423600936308027
92.992992992993,92.992992992993,-0.9504830688520461,0.3107763437354853
93.0930930930931,93.0930930930931,-0.9146682919185678,0.4042052891276531
93.1931931931932,93.1931931931932,-0.8696961614688881,0.4935874661357213
93.2932932932933,93.2932932932933,-0.8160169234561373,0.5780280102496596
93.3933933933934,93.3933933933934,-0.754167996486952,0.6566815309378335
93.4934934934935,93.4934934934935,-0.6847685913657766,0.7287605754148135
93.5935935935936,93.5935935935936,-0.6085135117631243,0.79354351235563
93.6936936936937,93.6936936936937,-0.5261661980731556,0.8503817566277165
93.7937937937938,93.7937937937938,-0.4385510841034625,0.8987062627086103
93.8938938938939,93.8938938938939,-0.34654534311898666,0.9380332217797746
93.993993993994,93.993993993994,-0.2510701058762911,0.967968905458883
94.0940940940941,94.0940940940941,-0.15308123856990244,0.988213607676956
94.1941941941942,94.1941941941942,-0.053559773019258225,0.9985646452354127
94.2942942942943,94.2942942942943,0.04649791509439766,0.998918387002599
94.3943943943944,94.3943943943944,0.1460900816085174,0.9892712914340619
94.4944944944945,94.4944944944945,0.24421964300741902,0.9697199420293102
94.5945945945946,94.5945945945946,0.3399041588893908,0.9404600803700792
94.6946946946947,94.6946946946947,0.4321856678320511,0.9017846464209535
94.7947947947948,94.7947947947948,0.5201402781821229,0.8540808457122919
94.8948948948949,94.8948948948949,0.6028874177502677,0.7978262727677086
94.994994994995,94.994994994995,0.6795986498057093,0.7335841295872321
95.0950950950951,95.0950950950951,0.7495059671082466,0.6619975870568804
95.1951951951952,95.1951951951952,0.8119094809402067,0.5837833457365875
95.2952952952953,95.2952952952953,0.8661844281586605,0.49972446049343466
95.3953953953954,95.3953953953954,0.9117874261153208,0.4106625008178837
95.4954954954955,95.4954954954955,0.9482619128222345,0.3174891253109575
95.5955955955956,95.5955955955956,0.9752427178979004,0.22113715469616643
95.6956956956957,95.6956956956957,0.9924597185312342,0.12257123272980287
95.7957957957958,95.7957957957958,0.9997405438609239,0.02277816850987227
95.8958958958959,95.8958958958959,0.9970123006949557,-0.0772429431271958
95.995995995996,95.995995995996,0.9843023032929037,-0.1764907242103237
96.0960960960961,96.0960960960961,0.9617377999046808,-0.2739715390957685
96.1961961961962,96.1961961961962,0.9295446988035648,-0.3687094424152845
96.2962962962963,96.2962962962963,0.8880453065679759,-0.4597559499153761
96.3963963963964,96.3963963963964,0.8376551012556726,-0.5461995343648225
96.4964964964965,96.4964964964965,0.778878572776126,-0.6271747514610461
96.5965965965966,96.5965965965966,0.71230417210606,-0.7018709043693864
96.6966966966967,96.6966966966967,0.6385984199146993,-0.7695401601491955
96.7967967967968,96.7967967967968,0.5584992335814662,-0.8295050368074415
96.8968968968969,96.8968968968969,0.4728085394134976,-0.8811651860222776
96.996996996997,96.996996996997,0.3823842440273235,-0.9240034036299067
97.0970970970971,97.0970970970971,0.2881316452741956,-0.9575908077000244
97.1971971971972,97.1971971971972,0.1909943687003953,-0.9815911323584466
97.2972972972973,97.2972972972973,0.09194492028325013,-0.9957640943687952
97.3973973973974,97.3973973973974,-0.008025049973866393,-0.9999677987679988
97.4974974974975,97.4974974974975,-0.1079146761103522,-0.9941601594712985
97.5975975975976,97.5975975975976,-0.2067238965440564,-0.9783993206240703
97.6976976976977,97.6976976976977,-0.3034634663540155,-0.9528430744820499
97.7977977977978,97.7977977977978,-0.39716486127016615,-0.9177472816479761
97.8978978978979,97.8978978978979,-0.48688997421503993,-0.8734633094806431
97.997997997998,97.997997997998,-0.5717405073184685,-0.8204345143222708
98.0980980980981,98.0980980980981,-0.6508669653760045,-0.7591918027628004
98.1981981981982,98.1981981981982,-0.7234771607111531,-0.6903483163804547
98.2982982982983,98.2982982982983,-0.7888441442939533,-0.6145932931729247
98.3983983983984,98.3983983983984,-0.846313483711845,-0.5326851671367626
98.4984984984985,98.4984984984985,-0.8953098151285308,-0.4454439750793763
98.5985985985986,98.5985985985986,-0.9353426036345177,-0.353743146684429
98.6986986986987,98.6986986986987,-0.9660110543188882,-0.2585007600254009
98.7987987987988,98.7987987987988,-0.9870081248940717,-0.16067035007458136
98.8988988988989,98.8988988988989,-0.9981235997007355,-0.06123136222922008
98.998998998999,98.998998998999,-0.9992461943167482,0.03882065356862752
99.0990990990991,99.0990990990991,-0.9903646696996673,0.13848400994580193
99.1991991991992,99.1991991991992,-0.971567944708277,0.2367609106574274
99.2992992992993,99.2992992992993,-0.9430442058766567,0.3326674401898477
99.3993993993994,99.3993993993994,-0.9050790233534606,0.4252434143940927
99.4994994994995,99.4994994994995,-0.8580524918689137,0.5135619935290653
99.5995995995996,99.5995995995996,-0.8024354253533363,0.5967389614714379
99.6996996996997,99.6996996996997,-0.7387846433052317,0.6739415781923248
99.7997997997998,99.7997997997998,-0.6677373961004618,0.7443969168722926
99.8998998998999,99.8998998998999,-0.5900049850542001,0.8073996021866702
100.0,100.0,-0.5063656411097588,0.8623188722876839
